{
   "name": "阿鲁和动物们",
   "type": "image",
   "items": [
      {
         "key": "01",
         "val": "https://cdn.jsdelivr.net/gh/neyond/emo/aru/aluhedwm/01.webp"
      },
      {
         "key": "02",
         "val": "https://cdn.jsdelivr.net/gh/neyond/emo/aru/aluhedwm/02.webp"
      },
      {
         "key": "03",
         "val": "https://cdn.jsdelivr.net/gh/neyond/emo/aru/aluhedwm/03.webp"
      },
      {
         "key": "04",
         "val": "https://cdn.jsdelivr.net/gh/neyond/emo/aru/aluhedwm/04.webp"
      },
      {
         "key": "05",
         "val": "https://cdn.jsdelivr.net/gh/neyond/emo/aru/aluhedwm/05.webp"
      },
      {
         "key": "06",
         "val": "https://cdn.jsdelivr.net/gh/neyond/emo/aru/aluhedwm/06.webp"
      },
      {
         "key": "07",
         "val": "https://cdn.jsdelivr.net/gh/neyond/emo/aru/aluhedwm/07.webp"
      },
      {
         "key": "08",
         "val": "https://cdn.jsdelivr.net/gh/neyond/emo/aru/aluhedwm/08.webp"
      },
      {
         "key": "09",
         "val": "https://cdn.jsdelivr.net/gh/neyond/emo/aru/aluhedwm/09.webp"
      },
      {
         "key": "10",
         "val": "https://cdn.jsdelivr.net/gh/neyond/emo/aru/aluhedwm/10.webp"
      },
      {
         "key": "11",
         "val": "https://cdn.jsdelivr.net/gh/neyond/emo/aru/aluhedwm/11.webp"
      },
      {
         "key": "12",
         "val": "https://cdn.jsdelivr.net/gh/neyond/emo/aru/aluhedwm/12.webp"
      },
      {
         "key": "13",
         "val": "https://cdn.jsdelivr.net/gh/neyond/emo/aru/aluhedwm/13.webp"
      },
      {
         "key": "14",
         "val": "https://cdn.jsdelivr.net/gh/neyond/emo/aru/aluhedwm/14.webp"
      },
      {
         "key": "15",
         "val": "https://cdn.jsdelivr.net/gh/neyond/emo/aru/aluhedwm/15.webp"
      },
      {
         "key": "16",
         "val": "https://cdn.jsdelivr.net/gh/neyond/emo/aru/aluhedwm/16.webp"
      },
      {
         "key": "17",
         "val": "https://cdn.jsdelivr.net/gh/neyond/emo/aru/aluhedwm/17.webp"
      },
      {
         "key": "18",
         "val": "https://cdn.jsdelivr.net/gh/neyond/emo/aru/aluhedwm/18.webp"
      },
      {
         "key": "19",
         "val": "https://cdn.jsdelivr.net/gh/neyond/emo/aru/aluhedwm/19.webp"
      },
      {
         "key": "20",
         "val": "https://cdn.jsdelivr.net/gh/neyond/emo/aru/aluhedwm/20.webp"
      },
      {
         "key": "21",
         "val": "https://cdn.jsdelivr.net/gh/neyond/emo/aru/aluhedwm/21.webp"
      },
      {
         "key": "22",
         "val": "https://cdn.jsdelivr.net/gh/neyond/emo/aru/aluhedwm/22.webp"
      },
      {
         "key": "23",
         "val": "https://cdn.jsdelivr.net/gh/neyond/emo/aru/aluhedwm/23.webp"
      },
      {
         "key": "24",
         "val": "https://cdn.jsdelivr.net/gh/neyond/emo/aru/aluhedwm/24.webp"
      },
      {
         "key": "25",
         "val": "https://cdn.jsdelivr.net/gh/neyond/emo/aru/aluhedwm/25.webp"
      },
      {
         "key": "26",
         "val": "https://cdn.jsdelivr.net/gh/neyond/emo/aru/aluhedwm/26.webp"
      },
      {
         "key": "27",
         "val": "https://cdn.jsdelivr.net/gh/neyond/emo/aru/aluhedwm/27.webp"
      },
      {
         "key": "28",
         "val": "https://cdn.jsdelivr.net/gh/neyond/emo/aru/aluhedwm/28.webp"
      },
      {
         "key": "29",
         "val": "https://cdn.jsdelivr.net/gh/neyond/emo/aru/aluhedwm/29.webp"
      },
      {
         "key": "30",
         "val": "https://cdn.jsdelivr.net/gh/neyond/emo/aru/aluhedwm/30.webp"
      },
      {
         "key": "31",
         "val": "https://cdn.jsdelivr.net/gh/neyond/emo/aru/aluhedwm/31.webp"
      },
      {
         "key": "32",
         "val": "https://cdn.jsdelivr.net/gh/neyond/emo/aru/aluhedwm/32.webp"
      },
      {
         "key": "33",
         "val": "https://cdn.jsdelivr.net/gh/neyond/emo/aru/aluhedwm/33.webp"
      },
      {
         "key": "34",
         "val": "https://cdn.jsdelivr.net/gh/neyond/emo/aru/aluhedwm/34.webp"
      },
      {
         "key": "35",
         "val": "https://cdn.jsdelivr.net/gh/neyond/emo/aru/aluhedwm/35.webp"
      },
      {
         "key": "36",
         "val": "https://cdn.jsdelivr.net/gh/neyond/emo/aru/aluhedwm/36.webp"
      }
   ]
}