{
   "name": "阿鲁日常2",
   "type": "image",
   "items": [
      {
         "key": "01",
         "val": "https://cdn.jsdelivr.net/gh/neyond/emo/aru/alurc2/01.webp"
      },
      {
         "key": "02",
         "val": "https://cdn.jsdelivr.net/gh/neyond/emo/aru/alurc2/02.webp"
      },
      {
         "key": "03",
         "val": "https://cdn.jsdelivr.net/gh/neyond/emo/aru/alurc2/03.webp"
      },
      {
         "key": "04",
         "val": "https://cdn.jsdelivr.net/gh/neyond/emo/aru/alurc2/04.webp"
      },
      {
         "key": "05",
         "val": "https://cdn.jsdelivr.net/gh/neyond/emo/aru/alurc2/05.webp"
      },
      {
         "key": "06",
         "val": "https://cdn.jsdelivr.net/gh/neyond/emo/aru/alurc2/06.webp"
      },
      {
         "key": "07",
         "val": "https://cdn.jsdelivr.net/gh/neyond/emo/aru/alurc2/07.webp"
      },
      {
         "key": "08",
         "val": "https://cdn.jsdelivr.net/gh/neyond/emo/aru/alurc2/08.webp"
      },
      {
         "key": "09",
         "val": "https://cdn.jsdelivr.net/gh/neyond/emo/aru/alurc2/09.webp"
      },
      {
         "key": "10",
         "val": "https://cdn.jsdelivr.net/gh/neyond/emo/aru/alurc2/10.webp"
      },
      {
         "key": "11",
         "val": "https://cdn.jsdelivr.net/gh/neyond/emo/aru/alurc2/11.webp"
      },
      {
         "key": "12",
         "val": "https://cdn.jsdelivr.net/gh/neyond/emo/aru/alurc2/12.webp"
      },
      {
         "key": "13",
         "val": "https://cdn.jsdelivr.net/gh/neyond/emo/aru/alurc2/13.webp"
      },
      {
         "key": "14",
         "val": "https://cdn.jsdelivr.net/gh/neyond/emo/aru/alurc2/14.webp"
      },
      {
         "key": "15",
         "val": "https://cdn.jsdelivr.net/gh/neyond/emo/aru/alurc2/15.webp"
      },
      {
         "key": "16",
         "val": "https://cdn.jsdelivr.net/gh/neyond/emo/aru/alurc2/16.webp"
      },
      {
         "key": "17",
         "val": "https://cdn.jsdelivr.net/gh/neyond/emo/aru/alurc2/17.webp"
      },
      {
         "key": "18",
         "val": "https://cdn.jsdelivr.net/gh/neyond/emo/aru/alurc2/18.webp"
      },
      {
         "key": "19",
         "val": "https://cdn.jsdelivr.net/gh/neyond/emo/aru/alurc2/19.webp"
      },
      {
         "key": "20",
         "val": "https://cdn.jsdelivr.net/gh/neyond/emo/aru/alurc2/20.webp"
      },
      {
         "key": "21",
         "val": "https://cdn.jsdelivr.net/gh/neyond/emo/aru/alurc2/21.webp"
      },
      {
         "key": "22",
         "val": "https://cdn.jsdelivr.net/gh/neyond/emo/aru/alurc2/22.webp"
      },
      {
         "key": "23",
         "val": "https://cdn.jsdelivr.net/gh/neyond/emo/aru/alurc2/23.webp"
      },
      {
         "key": "24",
         "val": "https://cdn.jsdelivr.net/gh/neyond/emo/aru/alurc2/24.webp"
      },
      {
         "key": "25",
         "val": "https://cdn.jsdelivr.net/gh/neyond/emo/aru/alurc2/25.webp"
      },
      {
         "key": "26",
         "val": "https://cdn.jsdelivr.net/gh/neyond/emo/aru/alurc2/26.webp"
      },
      {
         "key": "27",
         "val": "https://cdn.jsdelivr.net/gh/neyond/emo/aru/alurc2/27.webp"
      },
      {
         "key": "28",
         "val": "https://cdn.jsdelivr.net/gh/neyond/emo/aru/alurc2/28.webp"
      },
      {
         "key": "29",
         "val": "https://cdn.jsdelivr.net/gh/neyond/emo/aru/alurc2/29.webp"
      },
      {
         "key": "30",
         "val": "https://cdn.jsdelivr.net/gh/neyond/emo/aru/alurc2/30.webp"
      },
      {
         "key": "31",
         "val": "https://cdn.jsdelivr.net/gh/neyond/emo/aru/alurc2/31.webp"
      },
      {
         "key": "32",
         "val": "https://cdn.jsdelivr.net/gh/neyond/emo/aru/alurc2/32.webp"
      },
      {
         "key": "33",
         "val": "https://cdn.jsdelivr.net/gh/neyond/emo/aru/alurc2/33.webp"
      },
      {
         "key": "34",
         "val": "https://cdn.jsdelivr.net/gh/neyond/emo/aru/alurc2/34.webp"
      },
      {
         "key": "35",
         "val": "https://cdn.jsdelivr.net/gh/neyond/emo/aru/alurc2/35.webp"
      },
      {
         "key": "36",
         "val": "https://cdn.jsdelivr.net/gh/neyond/emo/aru/alurc2/36.webp"
      },
      {
         "key": "37",
         "val": "https://cdn.jsdelivr.net/gh/neyond/emo/aru/alurc2/37.webp"
      },
      {
         "key": "38",
         "val": "https://cdn.jsdelivr.net/gh/neyond/emo/aru/alurc2/38.webp"
      },
      {
         "key": "39",
         "val": "https://cdn.jsdelivr.net/gh/neyond/emo/aru/alurc2/39.webp"
      },
      {
         "key": "40",
         "val": "https://cdn.jsdelivr.net/gh/neyond/emo/aru/alurc2/40.webp"
      },
      {
         "key": "41",
         "val": "https://cdn.jsdelivr.net/gh/neyond/emo/aru/alurc2/41.webp"
      },
      {
         "key": "42",
         "val": "https://cdn.jsdelivr.net/gh/neyond/emo/aru/alurc2/42.webp"
      },
      {
         "key": "43",
         "val": "https://cdn.jsdelivr.net/gh/neyond/emo/aru/alurc2/43.webp"
      },
      {
         "key": "44",
         "val": "https://cdn.jsdelivr.net/gh/neyond/emo/aru/alurc2/44.webp"
      },
      {
         "key": "45",
         "val": "https://cdn.jsdelivr.net/gh/neyond/emo/aru/alurc2/45.webp"
      },
      {
         "key": "46",
         "val": "https://cdn.jsdelivr.net/gh/neyond/emo/aru/alurc2/46.webp"
      },
      {
         "key": "47",
         "val": "https://cdn.jsdelivr.net/gh/neyond/emo/aru/alurc2/47.webp"
      },
      {
         "key": "48",
         "val": "https://cdn.jsdelivr.net/gh/neyond/emo/aru/alurc2/48.webp"
      },
      {
         "key": "49",
         "val": "https://cdn.jsdelivr.net/gh/neyond/emo/aru/alurc2/49.webp"
      },
      {
         "key": "50",
         "val": "https://cdn.jsdelivr.net/gh/neyond/emo/aru/alurc2/50.webp"
      },
      {
         "key": "51",
         "val": "https://cdn.jsdelivr.net/gh/neyond/emo/aru/alurc2/51.webp"
      },
      {
         "key": "52",
         "val": "https://cdn.jsdelivr.net/gh/neyond/emo/aru/alurc2/52.webp"
      },
      {
         "key": "53",
         "val": "https://cdn.jsdelivr.net/gh/neyond/emo/aru/alurc2/53.webp"
      },
      {
         "key": "54",
         "val": "https://cdn.jsdelivr.net/gh/neyond/emo/aru/alurc2/54.webp"
      },
      {
         "key": "55",
         "val": "https://cdn.jsdelivr.net/gh/neyond/emo/aru/alurc2/55.webp"
      },
      {
         "key": "56",
         "val": "https://cdn.jsdelivr.net/gh/neyond/emo/aru/alurc2/56.webp"
      }
   ]
}