{
   "name": "阿鲁与你",
   "type": "image",
   "items": [
      {
         "key": "01",
         "val": "https://cdn.jsdelivr.net/gh/neyond/emo/aru/aluyn/01.webp"
      },
      {
         "key": "02",
         "val": "https://cdn.jsdelivr.net/gh/neyond/emo/aru/aluyn/02.webp"
      },
      {
         "key": "03",
         "val": "https://cdn.jsdelivr.net/gh/neyond/emo/aru/aluyn/03.webp"
      },
      {
         "key": "04",
         "val": "https://cdn.jsdelivr.net/gh/neyond/emo/aru/aluyn/04.webp"
      },
      {
         "key": "05",
         "val": "https://cdn.jsdelivr.net/gh/neyond/emo/aru/aluyn/05.webp"
      },
      {
         "key": "06",
         "val": "https://cdn.jsdelivr.net/gh/neyond/emo/aru/aluyn/06.webp"
      },
      {
         "key": "07",
         "val": "https://cdn.jsdelivr.net/gh/neyond/emo/aru/aluyn/07.webp"
      },
      {
         "key": "08",
         "val": "https://cdn.jsdelivr.net/gh/neyond/emo/aru/aluyn/08.webp"
      },
      {
         "key": "09",
         "val": "https://cdn.jsdelivr.net/gh/neyond/emo/aru/aluyn/09.webp"
      },
      {
         "key": "10",
         "val": "https://cdn.jsdelivr.net/gh/neyond/emo/aru/aluyn/10.webp"
      },
      {
         "key": "11",
         "val": "https://cdn.jsdelivr.net/gh/neyond/emo/aru/aluyn/11.webp"
      },
      {
         "key": "12",
         "val": "https://cdn.jsdelivr.net/gh/neyond/emo/aru/aluyn/12.webp"
      },
      {
         "key": "13",
         "val": "https://cdn.jsdelivr.net/gh/neyond/emo/aru/aluyn/13.webp"
      },
      {
         "key": "14",
         "val": "https://cdn.jsdelivr.net/gh/neyond/emo/aru/aluyn/14.webp"
      },
      {
         "key": "15",
         "val": "https://cdn.jsdelivr.net/gh/neyond/emo/aru/aluyn/15.webp"
      },
      {
         "key": "16",
         "val": "https://cdn.jsdelivr.net/gh/neyond/emo/aru/aluyn/16.webp"
      },
      {
         "key": "17",
         "val": "https://cdn.jsdelivr.net/gh/neyond/emo/aru/aluyn/17.webp"
      },
      {
         "key": "18",
         "val": "https://cdn.jsdelivr.net/gh/neyond/emo/aru/aluyn/18.webp"
      },
      {
         "key": "19",
         "val": "https://cdn.jsdelivr.net/gh/neyond/emo/aru/aluyn/19.webp"
      },
      {
         "key": "20",
         "val": "https://cdn.jsdelivr.net/gh/neyond/emo/aru/aluyn/20.webp"
      },
      {
         "key": "21",
         "val": "https://cdn.jsdelivr.net/gh/neyond/emo/aru/aluyn/21.webp"
      },
      {
         "key": "22",
         "val": "https://cdn.jsdelivr.net/gh/neyond/emo/aru/aluyn/22.webp"
      },
      {
         "key": "23",
         "val": "https://cdn.jsdelivr.net/gh/neyond/emo/aru/aluyn/23.webp"
      },
      {
         "key": "24",
         "val": "https://cdn.jsdelivr.net/gh/neyond/emo/aru/aluyn/24.webp"
      },
      {
         "key": "25",
         "val": "https://cdn.jsdelivr.net/gh/neyond/emo/aru/aluyn/25.webp"
      },
      {
         "key": "26",
         "val": "https://cdn.jsdelivr.net/gh/neyond/emo/aru/aluyn/26.webp"
      },
      {
         "key": "27",
         "val": "https://cdn.jsdelivr.net/gh/neyond/emo/aru/aluyn/27.webp"
      },
      {
         "key": "28",
         "val": "https://cdn.jsdelivr.net/gh/neyond/emo/aru/aluyn/28.webp"
      },
      {
         "key": "29",
         "val": "https://cdn.jsdelivr.net/gh/neyond/emo/aru/aluyn/29.webp"
      },
      {
         "key": "30",
         "val": "https://cdn.jsdelivr.net/gh/neyond/emo/aru/aluyn/30.webp"
      },
      {
         "key": "31",
         "val": "https://cdn.jsdelivr.net/gh/neyond/emo/aru/aluyn/31.webp"
      },
      {
         "key": "32",
         "val": "https://cdn.jsdelivr.net/gh/neyond/emo/aru/aluyn/32.webp"
      },
      {
         "key": "33",
         "val": "https://cdn.jsdelivr.net/gh/neyond/emo/aru/aluyn/33.webp"
      },
      {
         "key": "34",
         "val": "https://cdn.jsdelivr.net/gh/neyond/emo/aru/aluyn/34.webp"
      },
      {
         "key": "35",
         "val": "https://cdn.jsdelivr.net/gh/neyond/emo/aru/aluyn/35.webp"
      },
      {
         "key": "36",
         "val": "https://cdn.jsdelivr.net/gh/neyond/emo/aru/aluyn/36.webp"
      },
      {
         "key": "37",
         "val": "https://cdn.jsdelivr.net/gh/neyond/emo/aru/aluyn/37.webp"
      },
      {
         "key": "38",
         "val": "https://cdn.jsdelivr.net/gh/neyond/emo/aru/aluyn/38.webp"
      },
      {
         "key": "39",
         "val": "https://cdn.jsdelivr.net/gh/neyond/emo/aru/aluyn/39.webp"
      },
      {
         "key": "40",
         "val": "https://cdn.jsdelivr.net/gh/neyond/emo/aru/aluyn/40.webp"
      },
      {
         "key": "41",
         "val": "https://cdn.jsdelivr.net/gh/neyond/emo/aru/aluyn/41.webp"
      },
      {
         "key": "42",
         "val": "https://cdn.jsdelivr.net/gh/neyond/emo/aru/aluyn/42.webp"
      },
      {
         "key": "43",
         "val": "https://cdn.jsdelivr.net/gh/neyond/emo/aru/aluyn/43.webp"
      },
      {
         "key": "44",
         "val": "https://cdn.jsdelivr.net/gh/neyond/emo/aru/aluyn/44.webp"
      },
      {
         "key": "45",
         "val": "https://cdn.jsdelivr.net/gh/neyond/emo/aru/aluyn/45.webp"
      },
      {
         "key": "46",
         "val": "https://cdn.jsdelivr.net/gh/neyond/emo/aru/aluyn/46.webp"
      },
      {
         "key": "47",
         "val": "https://cdn.jsdelivr.net/gh/neyond/emo/aru/aluyn/47.webp"
      },
      {
         "key": "48",
         "val": "https://cdn.jsdelivr.net/gh/neyond/emo/aru/aluyn/48.webp"
      },
      {
         "key": "49",
         "val": "https://cdn.jsdelivr.net/gh/neyond/emo/aru/aluyn/49.webp"
      },
      {
         "key": "50",
         "val": "https://cdn.jsdelivr.net/gh/neyond/emo/aru/aluyn/50.webp"
      },
      {
         "key": "51",
         "val": "https://cdn.jsdelivr.net/gh/neyond/emo/aru/aluyn/51.webp"
      },
      {
         "key": "52",
         "val": "https://cdn.jsdelivr.net/gh/neyond/emo/aru/aluyn/52.webp"
      },
      {
         "key": "53",
         "val": "https://cdn.jsdelivr.net/gh/neyond/emo/aru/aluyn/53.webp"
      },
      {
         "key": "54",
         "val": "https://cdn.jsdelivr.net/gh/neyond/emo/aru/aluyn/54.webp"
      },
      {
         "key": "55",
         "val": "https://cdn.jsdelivr.net/gh/neyond/emo/aru/aluyn/55.webp"
      },
      {
         "key": "56",
         "val": "https://cdn.jsdelivr.net/gh/neyond/emo/aru/aluyn/56.webp"
      },
      {
         "key": "57",
         "val": "https://cdn.jsdelivr.net/gh/neyond/emo/aru/aluyn/57.webp"
      },
      {
         "key": "58",
         "val": "https://cdn.jsdelivr.net/gh/neyond/emo/aru/aluyn/58.webp"
      },
      {
         "key": "59",
         "val": "https://cdn.jsdelivr.net/gh/neyond/emo/aru/aluyn/59.webp"
      },
      {
         "key": "60",
         "val": "https://cdn.jsdelivr.net/gh/neyond/emo/aru/aluyn/60.webp"
      },
      {
         "key": "61",
         "val": "https://cdn.jsdelivr.net/gh/neyond/emo/aru/aluyn/61.webp"
      },
      {
         "key": "62",
         "val": "https://cdn.jsdelivr.net/gh/neyond/emo/aru/aluyn/62.webp"
      },
      {
         "key": "63",
         "val": "https://cdn.jsdelivr.net/gh/neyond/emo/aru/aluyn/63.webp"
      },
      {
         "key": "64",
         "val": "https://cdn.jsdelivr.net/gh/neyond/emo/aru/aluyn/64.webp"
      },
      {
         "key": "65",
         "val": "https://cdn.jsdelivr.net/gh/neyond/emo/aru/aluyn/65.webp"
      },
      {
         "key": "66",
         "val": "https://cdn.jsdelivr.net/gh/neyond/emo/aru/aluyn/66.webp"
      },
      {
         "key": "67",
         "val": "https://cdn.jsdelivr.net/gh/neyond/emo/aru/aluyn/67.webp"
      },
      {
         "key": "68",
         "val": "https://cdn.jsdelivr.net/gh/neyond/emo/aru/aluyn/68.webp"
      },
      {
         "key": "69",
         "val": "https://cdn.jsdelivr.net/gh/neyond/emo/aru/aluyn/69.webp"
      },
      {
         "key": "70",
         "val": "https://cdn.jsdelivr.net/gh/neyond/emo/aru/aluyn/70.webp"
      },
      {
         "key": "71",
         "val": "https://cdn.jsdelivr.net/gh/neyond/emo/aru/aluyn/71.webp"
      },
      {
         "key": "72",
         "val": "https://cdn.jsdelivr.net/gh/neyond/emo/aru/aluyn/72.webp"
      },
      {
         "key": "73",
         "val": "https://cdn.jsdelivr.net/gh/neyond/emo/aru/aluyn/73.webp"
      },
      {
         "key": "74",
         "val": "https://cdn.jsdelivr.net/gh/neyond/emo/aru/aluyn/74.webp"
      },
      {
         "key": "75",
         "val": "https://cdn.jsdelivr.net/gh/neyond/emo/aru/aluyn/75.webp"
      },
      {
         "key": "76",
         "val": "https://cdn.jsdelivr.net/gh/neyond/emo/aru/aluyn/76.webp"
      },
      {
         "key": "77",
         "val": "https://cdn.jsdelivr.net/gh/neyond/emo/aru/aluyn/77.webp"
      },
      {
         "key": "78",
         "val": "https://cdn.jsdelivr.net/gh/neyond/emo/aru/aluyn/78.webp"
      },
      {
         "key": "79",
         "val": "https://cdn.jsdelivr.net/gh/neyond/emo/aru/aluyn/79.webp"
      },
      {
         "key": "80",
         "val": "https://cdn.jsdelivr.net/gh/neyond/emo/aru/aluyn/80.webp"
      },
      {
         "key": "81",
         "val": "https://cdn.jsdelivr.net/gh/neyond/emo/aru/aluyn/81.webp"
      },
      {
         "key": "82",
         "val": "https://cdn.jsdelivr.net/gh/neyond/emo/aru/aluyn/82.webp"
      },
      {
         "key": "83",
         "val": "https://cdn.jsdelivr.net/gh/neyond/emo/aru/aluyn/83.webp"
      },
      {
         "key": "84",
         "val": "https://cdn.jsdelivr.net/gh/neyond/emo/aru/aluyn/84.webp"
      },
      {
         "key": "85",
         "val": "https://cdn.jsdelivr.net/gh/neyond/emo/aru/aluyn/85.webp"
      },
      {
         "key": "86",
         "val": "https://cdn.jsdelivr.net/gh/neyond/emo/aru/aluyn/86.webp"
      },
      {
         "key": "87",
         "val": "https://cdn.jsdelivr.net/gh/neyond/emo/aru/aluyn/87.webp"
      },
      {
         "key": "88",
         "val": "https://cdn.jsdelivr.net/gh/neyond/emo/aru/aluyn/88.webp"
      },
      {
         "key": "89",
         "val": "https://cdn.jsdelivr.net/gh/neyond/emo/aru/aluyn/89.webp"
      }
   ]
}