{
    "name": "Emoji",
    "type": "emoji",
    "items": [
      { "key": "嘿嘿", "val": "😀" },
      { "key": "嘻嘻", "val": "😁" },
      { "key": "笑哭了", "val": "😂" },
      { "key": "哈哈", "val": "😃" },
      { "key": "大笑", "val": "😄" },
      { "key": "苦笑", "val": "😅" },
      { "key": "斜眼笑", "val": "😆" },
      { "key": "微笑天使", "val": "😇" },
      { "key": "眨眼", "val": "😉" },
      { "key": "羞涩微笑", "val": "😊" },
      { "key": "呵呵", "val": "🙂" },
      { "key": "倒脸", "val": "🙃" },
      { "key": "笑的满地打滚", "val": "🤣" },
      { "key": "微笑", "val": "☺️" },
      { "key": "花痴", "val": "😍" },
      { "key": "亲亲", "val": "😗" },
      { "key": "飞吻", "val": "😘" },
      { "key": "微笑亲亲", "val": "😙" },
      { "key": "羞涩亲亲", "val": "😚" },
      { "key": "好崇拜哦", "val": "🤩" },
      { "key": "喜笑颜开", "val": "🥰" },
      { "key": "好吃", "val": "😋" },
      { "key": "吐舌", "val": "😛" },
      { "key": "单眼吐舌", "val": "😜" },
      { "key": "眯眼吐舌", "val": "😝" },
      { "key": "发财", "val": "🤑" },
      { "key": "滑稽", "val": "🤪" },
      { "key": "想一想", "val": "🤔" },
      { "key": "抱抱", "val": "🤗" },
      { "key": "安静的脸", "val": "🤫" },
      { "key": "不说", "val": "🤭" },
      { "key": "得意", "val": "😏" },
      { "key": "冷漠", "val": "😐" },
      { "key": "无语", "val": "😑" },
      { "key": "不高兴", "val": "😒" },
	  { "key": "龇牙咧嘴", "val": "😬" },
	  { "key": "呼气", "val": "😮‍💨" },
	  { "key": "沉默", "val": "😶" },
	  { "key": "迷茫", "val": "😶‍🌫️" },
	  { "key": "摇头", "val": "🙂‍↔️" },
	  { "key": "点头", "val": "🙂‍↕️" },
	  { "key": "翻白眼", "val": "🙄" },
	  { "key": "闭嘴", "val": "🤐" },
	  { "key": "说谎", "val": "🤥" },
	  { "key": "挑眉", "val": "🤨" },
	  { "key": "松了口气", "val": "😌" },
	  { "key": "沉思", "val": "😔" },
	  { "key": "困", "val": "😪" },
	  { "key": "睡着了", "val": "😴" },
      { "key": "流口水", "val": "🤤" },
      { "key": "晕头转向", "val": "😵" },
	  { "key": "晕", "val": "😵‍💫" },
	  { "key": "感冒", "val": "😷" },
	  { "key": "发烧", "val": "🤒" },
	  { "key": "受伤", "val": "🤕" },
	  { "key": "恶心", "val": "🤢" },
	  { "key": "打喷嚏", "val": "🤧" },
	  { "key": "呕吐", "val": "🤮" },
	  { "key": "爆炸头", "val": "🤯" },
	  { "key": "头昏眼花", "val": "🥴" },
	  { "key": "脸发烧", "val": "🥵" },
	  { "key": "冷脸", "val": "🥶" },
	  { "key": "牛仔帽脸", "val": "🤠" },
	  { "key": "聚会笑脸", "val": "🥳" },
	  { "key": "墨镜笑脸", "val": "😎" },
	  { "key": "书呆子脸", "val": "🤓" },
	  { "key": "带单片眼镜脸", "val": "🧐" },
	  { "key": "不满", "val": "☹️" },
	  { "key": "汗", "val": "😓" },
	  { "key": "困扰", "val": "😕" },
	  { "key": "困惑", "val": "😖" },
	  { "key": "失望", "val": "😞" },
	  { "key": "担心", "val": "😟" },
	  { "key": "哭", "val": "😢" },
	  { "key": "痛苦", "val": "😣" },
	  { "key": "失望但如释重负", "val": "😥" },
	  { "key": "啊", "val": "😦" },
	  { "key": "极度痛苦", "val": "😧" },
	  { "key": "害怕", "val": "😨" },
	  { "key": "累死了", "val": "😩" },
	  { "key": "累", "val": "😫" },
	  { "key": "放声大哭", "val": "😭" },
	  { "key": "吃惊", "val": "😮" },
	  { "key": "缄默", "val": "😯" },
	  { "key": "冷汗", "val": "😰" },
	  { "key": "吓死了", "val": "😱" },
	  { "key": "震惊", "val": "😲" },
	  { "key": "脸红", "val": "😳" },
	  { "key": "微微不满", "val": "🙁" },
	  { "key": "打呵欠", "val": "🥱" },
	  { "key": "恳求的脸", "val": "🥺" },
	  { "key": "骷髅", "val": "☠️" },
	  { "key": "生气的恶魔", "val": "👿" },
	  { "key": "头骨", "val": "💀" },
	  { "key": "恶魔微笑", "val": "😈" },
	  { "key": "生气", "val": "😠" },
	  { "key": "怒火中烧", "val": "😡" },
	  { "key": "傲慢", "val": "😤" },
	  { "key": "嘴上有符号的脸", "val": "🤬" },
	  { "key": "食人魔", "val": "👹" },
	  { "key": "小妖精", "val": "👺" },
	  { "key": "鬼", "val": "👻" },
	  { "key": "外星人", "val": "👽" },
	  { "key": "外星怪物", "val": "👾" },
	  { "key": "大便", "val": "💩" },
	  { "key": "机器人", "val": "🤖" },
	  { "key": "圣诞老人", "val": "🎅" },
	  { "key": "小丑脸", "val": "🤡" },
	  { "key": "非礼勿视", "val": "🙈" },
	  { "key": "非礼勿听", "val": "🙉" },
	  { "key": "非礼勿言", "val": "🙊" },
	  { "key": "雪人", "val": "⛄" },
	  { "key": "太阳", "val": "☀️" },
	  { "key": "星星", "val": "⭐" },
	  { "key": "月亮", "val": "🌙" },
	  { "key": "红心", "val": "❤️" },
	  { "key": "心碎", "val": "💔" },
	  { "key": "两颗心", "val": "💕" },
	  { "key": "心中箭了", "val": "💘" },
	  { "key": "情书", "val": "💌" },
	  { "key": "怒", "val": "💢" },
      { "key": "睡着", "val": "💤" },
      { "key": "爆炸", "val": "💥" },
	  { "key": "汗滴", "val": "💦" },
	  { "key": "一百分", "val": "💯" },
	  { "key": "举起手", "val": "✋" },
	  { "key": "挥手", "val": "👋" },
	  { "key": "手掌", "val": "🖐️" },
	  { "key": "胜利手势", "val": "✌️" },
	  { "key": "ok", "val": "👌" },
	  { "key": "捏合手势", "val": "🤏" },
	  { "key": "摇滚", "val": "🤘" },
      { "key": "给我打电话", "val": "🤙" },
      { "key": "交叉手指", "val": "🤞" },
	  { "key": "爱你的手势", "val": "🤟" },
	  { "key": "食指向上", "val": "☝️" },
	  { "key": "反手食指向上", "val": "👆" },
	  { "key": "反手食指向下", "val": "👇" },
	  { "key": "食指向左", "val": "👈" },
	  { "key": "反手食指向右", "val": "👉" },
	  { "key": "竖中指", "val": "🖕" },
	  { "key": "举起拳头", "val": "✊" },
	  { "key": "出拳", "val": "👊" },
	  { "key": "拇指向上", "val": "👍" },
      { "key": "拇指向下", "val": "👎" },
      { "key": "鼓掌", "val": "👏" },
      { "key": "张开双手", "val": "👐" },
      { "key": "举起双手", "val": "🙌" },
      { "key": "双手和十", "val": "🙏" },
	  { "key": "握手", "val": "🤝" },
      { "key": "掌心向上托起", "val": "🤲" },
      { "key": "写字", "val": "✍️" },
      { "key": "自拍", "val": "🤳" },
	  { "key": "双眼", "val": "👀" },
      { "key": "肌肉", "val": "💪" },
      { "key": "跑步", "val": "🏃" },
	  { "key": "滑雪", "val": "⛷️" },
      { "key": "冲浪", "val": "🏄" },
      { "key": "游泳", "val": "🏊" },
      { "key": "骑自行车", "val": "🚴" },
	  { "key": "飞机", "val": "✈️" },
      { "key": "火箭", "val": "🚀" },
      { "key": "直升机", "val": "🚁" },
      { "key": "卫星", "val": "🛰️" },
	  { "key": "飞碟", "val": "🛸" },
      { "key": "高压", "val": "⚡" },
      { "key": "火焰", "val": "🔥" },
      { "key": "水滴", "val": "💧" },
	  { "key": "雪花", "val": "❄️" },
	  { "key": "音符", "val": "🎵" },
      { "key": "气球", "val": "🎈" },
	  { "key": "闪亮", "val": "✨" },
      { "key": "拉炮彩带", "val": "🎉" },
	  { "key": "图钉", "val": "📍" },
      { "key": "喇叭", "val": "📢" }
    ]
 }