{
   "name": "节日阿鲁",
   "type": "image",
   "items": [
      {
         "key": "01",
         "val": "https://cdn.jsdelivr.net/gh/neyond/emo/aru/jralu/01.webp"
      },
      {
         "key": "02",
         "val": "https://cdn.jsdelivr.net/gh/neyond/emo/aru/jralu/02.webp"
      },
      {
         "key": "03",
         "val": "https://cdn.jsdelivr.net/gh/neyond/emo/aru/jralu/03.webp"
      },
      {
         "key": "04",
         "val": "https://cdn.jsdelivr.net/gh/neyond/emo/aru/jralu/04.webp"
      },
      {
         "key": "05",
         "val": "https://cdn.jsdelivr.net/gh/neyond/emo/aru/jralu/05.webp"
      },
      {
         "key": "06",
         "val": "https://cdn.jsdelivr.net/gh/neyond/emo/aru/jralu/06.webp"
      },
      {
         "key": "07",
         "val": "https://cdn.jsdelivr.net/gh/neyond/emo/aru/jralu/07.webp"
      },
      {
         "key": "08",
         "val": "https://cdn.jsdelivr.net/gh/neyond/emo/aru/jralu/08.webp"
      },
      {
         "key": "09",
         "val": "https://cdn.jsdelivr.net/gh/neyond/emo/aru/jralu/09.webp"
      },
      {
         "key": "10",
         "val": "https://cdn.jsdelivr.net/gh/neyond/emo/aru/jralu/10.webp"
      },
      {
         "key": "11",
         "val": "https://cdn.jsdelivr.net/gh/neyond/emo/aru/jralu/11.webp"
      },
      {
         "key": "12",
         "val": "https://cdn.jsdelivr.net/gh/neyond/emo/aru/jralu/12.webp"
      },
      {
         "key": "13",
         "val": "https://cdn.jsdelivr.net/gh/neyond/emo/aru/jralu/13.webp"
      },
      {
         "key": "14",
         "val": "https://cdn.jsdelivr.net/gh/neyond/emo/aru/jralu/14.webp"
      },
      {
         "key": "15",
         "val": "https://cdn.jsdelivr.net/gh/neyond/emo/aru/jralu/15.webp"
      },
      {
         "key": "16",
         "val": "https://cdn.jsdelivr.net/gh/neyond/emo/aru/jralu/16.webp"
      },
      {
         "key": "17",
         "val": "https://cdn.jsdelivr.net/gh/neyond/emo/aru/jralu/17.webp"
      },
      {
         "key": "18",
         "val": "https://cdn.jsdelivr.net/gh/neyond/emo/aru/jralu/18.webp"
      },
      {
         "key": "19",
         "val": "https://cdn.jsdelivr.net/gh/neyond/emo/aru/jralu/19.webp"
      },
      {
         "key": "20",
         "val": "https://cdn.jsdelivr.net/gh/neyond/emo/aru/jralu/20.webp"
      },
      {
         "key": "21",
         "val": "https://cdn.jsdelivr.net/gh/neyond/emo/aru/jralu/21.webp"
      },
      {
         "key": "22",
         "val": "https://cdn.jsdelivr.net/gh/neyond/emo/aru/jralu/22.webp"
      },
      {
         "key": "23",
         "val": "https://cdn.jsdelivr.net/gh/neyond/emo/aru/jralu/23.webp"
      },
      {
         "key": "24",
         "val": "https://cdn.jsdelivr.net/gh/neyond/emo/aru/jralu/24.webp"
      },
      {
         "key": "25",
         "val": "https://cdn.jsdelivr.net/gh/neyond/emo/aru/jralu/25.webp"
      },
      {
         "key": "26",
         "val": "https://cdn.jsdelivr.net/gh/neyond/emo/aru/jralu/26.webp"
      },
      {
         "key": "27",
         "val": "https://cdn.jsdelivr.net/gh/neyond/emo/aru/jralu/27.webp"
      },
      {
         "key": "28",
         "val": "https://cdn.jsdelivr.net/gh/neyond/emo/aru/jralu/28.webp"
      },
      {
         "key": "29",
         "val": "https://cdn.jsdelivr.net/gh/neyond/emo/aru/jralu/29.webp"
      },
      {
         "key": "30",
         "val": "https://cdn.jsdelivr.net/gh/neyond/emo/aru/jralu/30.webp"
      },
      {
         "key": "31",
         "val": "https://cdn.jsdelivr.net/gh/neyond/emo/aru/jralu/31.webp"
      }
   ]
}