{
   "name": "小黄脸",
   "type": "image",
   "items": [
      {
         "key": "2023",
         "val": "https://cdn.jsdelivr.net/gh/neyond/emo/xhl/2023.webp"
      },
      {
         "key": "doge",
         "val": "https://cdn.jsdelivr.net/gh/neyond/emo/xhl/doge.webp"
      },
      {
         "key": "OK",
         "val": "https://cdn.jsdelivr.net/gh/neyond/emo/xhl/OK.webp"
      },
      {
         "key": "三星堆",
         "val": "https://cdn.jsdelivr.net/gh/neyond/emo/xhl/三星堆.webp"
      },
      {
         "key": "以闪亮之名_吃瓜",
         "val": "https://cdn.jsdelivr.net/gh/neyond/emo/xhl/以闪亮之名_吃瓜.webp"
      },
      {
         "key": "以闪亮之名_哎？！",
         "val": "https://cdn.jsdelivr.net/gh/neyond/emo/xhl/以闪亮之名_哎？！.webp"
      },
      {
         "key": "以闪亮之名_好耶!",
         "val": "https://cdn.jsdelivr.net/gh/neyond/emo/xhl/以闪亮之名_好耶!.webp"
      },
      {
         "key": "以闪亮之名_星星眼",
         "val": "https://cdn.jsdelivr.net/gh/neyond/emo/xhl/以闪亮之名_星星眼.webp"
      },
      {
         "key": "以闪亮之名_爱你哦",
         "val": "https://cdn.jsdelivr.net/gh/neyond/emo/xhl/以闪亮之名_爱你哦.webp"
      },
      {
         "key": "以闪亮之名_针不戳",
         "val": "https://cdn.jsdelivr.net/gh/neyond/emo/xhl/以闪亮之名_针不戳.webp"
      },
      {
         "key": "保佑",
         "val": "https://cdn.jsdelivr.net/gh/neyond/emo/xhl/保佑.webp"
      },
      {
         "key": "保卫萝卜_哇",
         "val": "https://cdn.jsdelivr.net/gh/neyond/emo/xhl/保卫萝卜_哇.webp"
      },
      {
         "key": "保卫萝卜_哭哭",
         "val": "https://cdn.jsdelivr.net/gh/neyond/emo/xhl/保卫萝卜_哭哭.webp"
      },
      {
         "key": "保卫萝卜_白眼",
         "val": "https://cdn.jsdelivr.net/gh/neyond/emo/xhl/保卫萝卜_白眼.webp"
      },
      {
         "key": "保卫萝卜_笔芯",
         "val": "https://cdn.jsdelivr.net/gh/neyond/emo/xhl/保卫萝卜_笔芯.webp"
      },
      {
         "key": "保卫萝卜_问号",
         "val": "https://cdn.jsdelivr.net/gh/neyond/emo/xhl/保卫萝卜_问号.webp"
      },
      {
         "key": "偷笑",
         "val": "https://cdn.jsdelivr.net/gh/neyond/emo/xhl/偷笑.webp"
      },
      {
         "key": "傲娇",
         "val": "https://cdn.jsdelivr.net/gh/neyond/emo/xhl/傲娇.webp"
      },
      {
         "key": "兔年",
         "val": "https://cdn.jsdelivr.net/gh/neyond/emo/xhl/兔年.webp"
      },
      {
         "key": "再见",
         "val": "https://cdn.jsdelivr.net/gh/neyond/emo/xhl/再见.webp"
      },
      {
         "key": "冷",
         "val": "https://cdn.jsdelivr.net/gh/neyond/emo/xhl/冷.webp"
      },
      {
         "key": "初音未来_大笑",
         "val": "https://cdn.jsdelivr.net/gh/neyond/emo/xhl/初音未来_大笑.webp"
      },
      {
         "key": "加油",
         "val": "https://cdn.jsdelivr.net/gh/neyond/emo/xhl/加油.webp"
      },
      {
         "key": "原神_哇",
         "val": "https://cdn.jsdelivr.net/gh/neyond/emo/xhl/原神_哇.webp"
      },
      {
         "key": "原神_哼",
         "val": "https://cdn.jsdelivr.net/gh/neyond/emo/xhl/原神_哼.webp"
      },
      {
         "key": "原神_喝茶",
         "val": "https://cdn.jsdelivr.net/gh/neyond/emo/xhl/原神_喝茶.webp"
      },
      {
         "key": "原神_嗯",
         "val": "https://cdn.jsdelivr.net/gh/neyond/emo/xhl/原神_嗯.webp"
      },
      {
         "key": "原神_欸嘿",
         "val": "https://cdn.jsdelivr.net/gh/neyond/emo/xhl/原神_欸嘿.webp"
      },
      {
         "key": "原神_生气",
         "val": "https://cdn.jsdelivr.net/gh/neyond/emo/xhl/原神_生气.webp"
      },
      {
         "key": "口罩",
         "val": "https://cdn.jsdelivr.net/gh/neyond/emo/xhl/口罩.webp"
      },
      {
         "key": "吃瓜",
         "val": "https://cdn.jsdelivr.net/gh/neyond/emo/xhl/吃瓜.webp"
      },
      {
         "key": "呆",
         "val": "https://cdn.jsdelivr.net/gh/neyond/emo/xhl/呆.webp"
      },
      {
         "key": "呲牙",
         "val": "https://cdn.jsdelivr.net/gh/neyond/emo/xhl/呲牙.webp"
      },
      {
         "key": "哈欠",
         "val": "https://cdn.jsdelivr.net/gh/neyond/emo/xhl/哈欠.webp"
      },
      {
         "key": "响指",
         "val": "https://cdn.jsdelivr.net/gh/neyond/emo/xhl/响指.webp"
      },
      {
         "key": "哦呼",
         "val": "https://cdn.jsdelivr.net/gh/neyond/emo/xhl/哦呼.webp"
      },
      {
         "key": "喜极而泣",
         "val": "https://cdn.jsdelivr.net/gh/neyond/emo/xhl/喜极而泣.webp"
      },
      {
         "key": "喜欢",
         "val": "https://cdn.jsdelivr.net/gh/neyond/emo/xhl/喜欢.webp"
      },
      {
         "key": "嗑瓜子",
         "val": "https://cdn.jsdelivr.net/gh/neyond/emo/xhl/嗑瓜子.webp"
      },
      {
         "key": "嘘声",
         "val": "https://cdn.jsdelivr.net/gh/neyond/emo/xhl/嘘声.webp"
      },
      {
         "key": "嘟嘟",
         "val": "https://cdn.jsdelivr.net/gh/neyond/emo/xhl/嘟嘟.webp"
      },
      {
         "key": "坎公骑冠剑_吃鸡",
         "val": "https://cdn.jsdelivr.net/gh/neyond/emo/xhl/坎公骑冠剑_吃鸡.webp"
      },
      {
         "key": "坎公骑冠剑_无语",
         "val": "https://cdn.jsdelivr.net/gh/neyond/emo/xhl/坎公骑冠剑_无语.webp"
      },
      {
         "key": "坎公骑冠剑_钻石",
         "val": "https://cdn.jsdelivr.net/gh/neyond/emo/xhl/坎公骑冠剑_钻石.webp"
      },
      {
         "key": "墨镜",
         "val": "https://cdn.jsdelivr.net/gh/neyond/emo/xhl/墨镜.webp"
      },
      {
         "key": "大哭",
         "val": "https://cdn.jsdelivr.net/gh/neyond/emo/xhl/大哭.webp"
      },
      {
         "key": "大笑",
         "val": "https://cdn.jsdelivr.net/gh/neyond/emo/xhl/大笑.webp"
      },
      {
         "key": "奋斗",
         "val": "https://cdn.jsdelivr.net/gh/neyond/emo/xhl/奋斗.webp"
      },
      {
         "key": "奥比岛_击爪",
         "val": "https://cdn.jsdelivr.net/gh/neyond/emo/xhl/奥比岛_击爪.webp"
      },
      {
         "key": "奥比岛_喜欢",
         "val": "https://cdn.jsdelivr.net/gh/neyond/emo/xhl/奥比岛_喜欢.webp"
      },
      {
         "key": "奥比岛_委屈",
         "val": "https://cdn.jsdelivr.net/gh/neyond/emo/xhl/奥比岛_委屈.webp"
      },
      {
         "key": "奥比岛_搬砖",
         "val": "https://cdn.jsdelivr.net/gh/neyond/emo/xhl/奥比岛_搬砖.webp"
      },
      {
         "key": "奥比岛_点赞",
         "val": "https://cdn.jsdelivr.net/gh/neyond/emo/xhl/奥比岛_点赞.webp"
      },
      {
         "key": "奶茶干杯",
         "val": "https://cdn.jsdelivr.net/gh/neyond/emo/xhl/奶茶干杯.webp"
      },
      {
         "key": "妙啊",
         "val": "https://cdn.jsdelivr.net/gh/neyond/emo/xhl/妙啊.webp"
      },
      {
         "key": "委屈",
         "val": "https://cdn.jsdelivr.net/gh/neyond/emo/xhl/委屈.webp"
      },
      {
         "key": "嫌弃",
         "val": "https://cdn.jsdelivr.net/gh/neyond/emo/xhl/嫌弃.webp"
      },
      {
         "key": "害羞",
         "val": "https://cdn.jsdelivr.net/gh/neyond/emo/xhl/害羞.webp"
      },
      {
         "key": "尴尬",
         "val": "https://cdn.jsdelivr.net/gh/neyond/emo/xhl/尴尬.webp"
      },
      {
         "key": "干杯",
         "val": "https://cdn.jsdelivr.net/gh/neyond/emo/xhl/干杯.webp"
      },
      {
         "key": "微笑",
         "val": "https://cdn.jsdelivr.net/gh/neyond/emo/xhl/微笑.webp"
      },
      {
         "key": "思考",
         "val": "https://cdn.jsdelivr.net/gh/neyond/emo/xhl/思考.webp"
      },
      {
         "key": "怪我咯",
         "val": "https://cdn.jsdelivr.net/gh/neyond/emo/xhl/怪我咯.webp"
      },
      {
         "key": "惊喜",
         "val": "https://cdn.jsdelivr.net/gh/neyond/emo/xhl/惊喜.webp"
      },
      {
         "key": "惊讶",
         "val": "https://cdn.jsdelivr.net/gh/neyond/emo/xhl/惊讶.webp"
      },
      {
         "key": "打call",
         "val": "https://cdn.jsdelivr.net/gh/neyond/emo/xhl/打call.webp"
      },
      {
         "key": "抓狂",
         "val": "https://cdn.jsdelivr.net/gh/neyond/emo/xhl/抓狂.webp"
      },
      {
         "key": "抠鼻",
         "val": "https://cdn.jsdelivr.net/gh/neyond/emo/xhl/抠鼻.webp"
      },
      {
         "key": "抱拳",
         "val": "https://cdn.jsdelivr.net/gh/neyond/emo/xhl/抱拳.webp"
      },
      {
         "key": "拥抱",
         "val": "https://cdn.jsdelivr.net/gh/neyond/emo/xhl/拥抱.webp"
      },
      {
         "key": "捂眼",
         "val": "https://cdn.jsdelivr.net/gh/neyond/emo/xhl/捂眼.webp"
      },
      {
         "key": "捂脸",
         "val": "https://cdn.jsdelivr.net/gh/neyond/emo/xhl/捂脸.webp"
      },
      {
         "key": "撇嘴",
         "val": "https://cdn.jsdelivr.net/gh/neyond/emo/xhl/撇嘴.webp"
      },
      {
         "key": "支持",
         "val": "https://cdn.jsdelivr.net/gh/neyond/emo/xhl/支持.webp"
      },
      {
         "key": "无悔华夏_不愧是你",
         "val": "https://cdn.jsdelivr.net/gh/neyond/emo/xhl/无悔华夏_不愧是你.webp"
      },
      {
         "key": "无悔华夏_吃瓜",
         "val": "https://cdn.jsdelivr.net/gh/neyond/emo/xhl/无悔华夏_吃瓜.webp"
      },
      {
         "key": "无悔华夏_好耶",
         "val": "https://cdn.jsdelivr.net/gh/neyond/emo/xhl/无悔华夏_好耶.webp"
      },
      {
         "key": "无悔华夏_点赞",
         "val": "https://cdn.jsdelivr.net/gh/neyond/emo/xhl/无悔华夏_点赞.webp"
      },
      {
         "key": "无悔华夏_达咩",
         "val": "https://cdn.jsdelivr.net/gh/neyond/emo/xhl/无悔华夏_达咩.webp"
      },
      {
         "key": "无语",
         "val": "https://cdn.jsdelivr.net/gh/neyond/emo/xhl/无语.webp"
      },
      {
         "key": "星星眼",
         "val": "https://cdn.jsdelivr.net/gh/neyond/emo/xhl/星星眼.webp"
      },
      {
         "key": "来古-呆滞",
         "val": "https://cdn.jsdelivr.net/gh/neyond/emo/xhl/来古-呆滞.webp"
      },
      {
         "key": "来古-沉思",
         "val": "https://cdn.jsdelivr.net/gh/neyond/emo/xhl/来古-沉思.webp"
      },
      {
         "key": "来古-注意",
         "val": "https://cdn.jsdelivr.net/gh/neyond/emo/xhl/来古-注意.webp"
      },
      {
         "key": "来古-疑问",
         "val": "https://cdn.jsdelivr.net/gh/neyond/emo/xhl/来古-疑问.webp"
      },
      {
         "key": "来古-震撼",
         "val": "https://cdn.jsdelivr.net/gh/neyond/emo/xhl/来古-震撼.webp"
      },
      {
         "key": "桃源_乖巧",
         "val": "https://cdn.jsdelivr.net/gh/neyond/emo/xhl/桃源_乖巧.webp"
      },
      {
         "key": "桃源_傲娇",
         "val": "https://cdn.jsdelivr.net/gh/neyond/emo/xhl/桃源_傲娇.webp"
      },
      {
         "key": "桃源_欢呼",
         "val": "https://cdn.jsdelivr.net/gh/neyond/emo/xhl/桃源_欢呼.webp"
      },
      {
         "key": "桃源_给花花",
         "val": "https://cdn.jsdelivr.net/gh/neyond/emo/xhl/桃源_给花花.webp"
      },
      {
         "key": "桃源_缘分",
         "val": "https://cdn.jsdelivr.net/gh/neyond/emo/xhl/桃源_缘分.webp"
      },
      {
         "key": "歪嘴",
         "val": "https://cdn.jsdelivr.net/gh/neyond/emo/xhl/歪嘴.webp"
      },
      {
         "key": "水稻",
         "val": "https://cdn.jsdelivr.net/gh/neyond/emo/xhl/水稻.webp"
      },
      {
         "key": "汤圆",
         "val": "https://cdn.jsdelivr.net/gh/neyond/emo/xhl/汤圆.webp"
      },
      {
         "key": "洛天依",
         "val": "https://cdn.jsdelivr.net/gh/neyond/emo/xhl/洛天依.webp"
      },
      {
         "key": "滑稽",
         "val": "https://cdn.jsdelivr.net/gh/neyond/emo/xhl/滑稽.webp"
      },
      {
         "key": "灵魂出窍",
         "val": "https://cdn.jsdelivr.net/gh/neyond/emo/xhl/灵魂出窍.webp"
      },
      {
         "key": "点赞",
         "val": "https://cdn.jsdelivr.net/gh/neyond/emo/xhl/点赞.webp"
      },
      {
         "key": "热",
         "val": "https://cdn.jsdelivr.net/gh/neyond/emo/xhl/热.webp"
      },
      {
         "key": "爱心",
         "val": "https://cdn.jsdelivr.net/gh/neyond/emo/xhl/爱心.webp"
      },
      {
         "key": "牛年",
         "val": "https://cdn.jsdelivr.net/gh/neyond/emo/xhl/牛年.webp"
      },
      {
         "key": "生气",
         "val": "https://cdn.jsdelivr.net/gh/neyond/emo/xhl/生气.webp"
      },
      {
         "key": "生病",
         "val": "https://cdn.jsdelivr.net/gh/neyond/emo/xhl/生病.webp"
      },
      {
         "key": "疑惑",
         "val": "https://cdn.jsdelivr.net/gh/neyond/emo/xhl/疑惑.webp"
      },
      {
         "key": "疼",
         "val": "https://cdn.jsdelivr.net/gh/neyond/emo/xhl/疼.webp"
      },
      {
         "key": "福",
         "val": "https://cdn.jsdelivr.net/gh/neyond/emo/xhl/福.webp"
      },
      {
         "key": "福到了",
         "val": "https://cdn.jsdelivr.net/gh/neyond/emo/xhl/福到了.webp"
      },
      {
         "key": "笑",
         "val": "https://cdn.jsdelivr.net/gh/neyond/emo/xhl/笑.webp"
      },
      {
         "key": "笑哭",
         "val": "https://cdn.jsdelivr.net/gh/neyond/emo/xhl/笑哭.webp"
      },
      {
         "key": "给心心",
         "val": "https://cdn.jsdelivr.net/gh/neyond/emo/xhl/给心心.webp"
      },
      {
         "key": "翻白眼",
         "val": "https://cdn.jsdelivr.net/gh/neyond/emo/xhl/翻白眼.webp"
      },
      {
         "key": "老鼠",
         "val": "https://cdn.jsdelivr.net/gh/neyond/emo/xhl/老鼠.webp"
      },
      {
         "key": "胜利",
         "val": "https://cdn.jsdelivr.net/gh/neyond/emo/xhl/胜利.webp"
      },
      {
         "key": "脱单doge",
         "val": "https://cdn.jsdelivr.net/gh/neyond/emo/xhl/脱单doge.webp"
      },
      {
         "key": "脸红",
         "val": "https://cdn.jsdelivr.net/gh/neyond/emo/xhl/脸红.webp"
      },
      {
         "key": "藏狐",
         "val": "https://cdn.jsdelivr.net/gh/neyond/emo/xhl/藏狐.webp"
      },
      {
         "key": "视频卫星",
         "val": "https://cdn.jsdelivr.net/gh/neyond/emo/xhl/视频卫星.webp"
      },
      {
         "key": "调皮",
         "val": "https://cdn.jsdelivr.net/gh/neyond/emo/xhl/调皮.webp"
      },
      {
         "key": "豹富",
         "val": "https://cdn.jsdelivr.net/gh/neyond/emo/xhl/豹富.webp"
      },
      {
         "key": "跪了",
         "val": "https://cdn.jsdelivr.net/gh/neyond/emo/xhl/跪了.webp"
      },
      {
         "key": "辣眼睛",
         "val": "https://cdn.jsdelivr.net/gh/neyond/emo/xhl/辣眼睛.webp"
      },
      {
         "key": "酸了",
         "val": "https://cdn.jsdelivr.net/gh/neyond/emo/xhl/酸了.webp"
      },
      {
         "key": "锦鲤",
         "val": "https://cdn.jsdelivr.net/gh/neyond/emo/xhl/锦鲤.webp"
      },
      {
         "key": "阴险",
         "val": "https://cdn.jsdelivr.net/gh/neyond/emo/xhl/阴险.webp"
      },
      {
         "key": "难过",
         "val": "https://cdn.jsdelivr.net/gh/neyond/emo/xhl/难过.webp"
      },
      {
         "key": "雪花",
         "val": "https://cdn.jsdelivr.net/gh/neyond/emo/xhl/雪花.webp"
      },
      {
         "key": "鸡腿",
         "val": "https://cdn.jsdelivr.net/gh/neyond/emo/xhl/鸡腿.webp"
      },
      {
         "key": "黎明觉醒_哼白眼鸦",
         "val": "https://cdn.jsdelivr.net/gh/neyond/emo/xhl/黎明觉醒_哼白眼鸦.webp"
      },
      {
         "key": "黎明觉醒_怒了鸦",
         "val": "https://cdn.jsdelivr.net/gh/neyond/emo/xhl/黎明觉醒_怒了鸦.webp"
      },
      {
         "key": "黎明觉醒_摊手鸦",
         "val": "https://cdn.jsdelivr.net/gh/neyond/emo/xhl/黎明觉醒_摊手鸦.webp"
      },
      {
         "key": "黎明觉醒_比心鸦",
         "val": "https://cdn.jsdelivr.net/gh/neyond/emo/xhl/黎明觉醒_比心鸦.webp"
      },
      {
         "key": "黎明觉醒_石化鸦",
         "val": "https://cdn.jsdelivr.net/gh/neyond/emo/xhl/黎明觉醒_石化鸦.webp"
      },
      {
         "key": "黑洞",
         "val": "https://cdn.jsdelivr.net/gh/neyond/emo/xhl/黑洞.webp"
      },
      {
         "key": "鼓掌",
         "val": "https://cdn.jsdelivr.net/gh/neyond/emo/xhl/鼓掌.webp"
      }
   ]
}